Data through,91901,91902,91905,91906,91910,91911,91913,91914,91915,91916,91917,91932,91935,91941,91942,91945,91950,,91963,91977,91978,91980,92003,92004,92007,92008,92009,92010,92011,92014,92019,92020,92021,92024,92025,92026,92027,92028,92029,92036,92037,92040,92054,92055,92056,92057,92058,92059,92061,92064,92065,92066,92067,92069,92070,92071,92075,92078,92081,92082,92083,92084,92091,92093,92101,92102,92103,92104,92105,92106,92107,92108,92109,92110,92111,92113,92114,92115,92116,92117,92118,92119,92120,92121,92122,92123,92124,92126,92127,92128,92129,92130,92131,92134,92135,92136,92139,92140,92145,92154,92173,Unknown,TOTAL,Date Retrieved
2020-04-21,**,132.4,**,,90.7,127.6,105.0,82.0,114.1,**,,60.4,**,52.5,92.1,82.0,122.9,,**,99.9,**,,**,**,**,30.6,41.5,79.7,41.9,116.1,121.9,127.7,114.8,53.1,62.1,25.1,54.1,20.7,63.5,**,79.8,40.9,28.6,,27.6,30.2,57.1,**,**,43.7,33.7,**,**,26.1,,47.5,38.4,34.1,42.7,28.7,27.5,42.5,**,**,78.4,81.5,200.6,92.3,94.0,40.9,26.1,116.7,57.7,90.2,51.7,134.8,122.4,74.0,105.6,55.8,39.0,63.2,75.8,**,39.2,57.8,51.3,61.3,58.5,78.9,45.7,48.8,27.8,,,**,123.8,**,**,167.8,248.7,**,74.6,2020-04-23 15:54:27
2020-04-22,**,132.4,**,,105.2,135.9,115.1,87.9,114.1,**,,63.9,**,52.5,129.4,93.2,138.2,,**,106.5,**,**,**,**,**,30.6,41.5,79.7,41.9,116.1,124.1,135.8,128.1,53.1,62.1,25.1,57.8,22.8,63.5,**,79.8,47.7,28.6,,25.7,35.6,53.0,**,**,45.7,39.3,**,**,26.1,,49.3,38.4,34.1,42.7,28.7,27.5,44.6,**,**,80.1,90.8,205.8,92.3,94.0,40.9,26.1,123.9,57.7,90.2,55.9,138.7,132.6,75.6,108.3,59.6,39.0,63.2,79.3,**,39.2,60.8,51.3,62.6,62.5,80.9,45.7,48.8,27.8,,,**,129.8,**,**,211.9,266.8,**,79.2,2020-04-24 06:44:29
2020-04-23,**,132.4,**,,120.9,152.4,121.2,87.9,130.9,**,,67.5,**,58.3,131.9,93.2,150.2,,**,108.1,**,**,**,**,**,30.6,41.5,79.7,41.9,116.1,126.4,145.5,134.0,53.1,64.1,30.4,59.7,22.8,68.4,**,79.8,50.0,31.0,,25.7,39.1,53.0,**,**,49.7,39.3,**,**,28.1,,49.3,38.4,34.1,48.8,28.7,27.5,46.6,**,**,85.2,93.1,210.9,96.1,107.3,40.9,26.1,127.6,57.7,103.6,55.9,154.6,141.1,78.8,113.7,63.5,39.0,71.6,79.3,**,41.2,63.8,51.3,69.1,70.6,80.9,45.7,50.5,27.8,,,**,141.9,**,**,259.7,292.0,**,84.7,2020-04-25 07:24:10
2020-04-24,**,138.1,**,,129.4,159.5,131.3,87.9,130.9,**,,71.0,**,58.3,134.4,96.9,175.7,,**,113.0,**,**,**,**,**,30.6,41.5,79.7,41.9,116.1,128.7,153.6,136.9,53.1,66.0,32.2,61.6,22.8,68.4,**,79.8,50.0,38.1,,25.7,40.9,61.2,**,**,51.7,39.3,**,**,28.1,,49.3,38.4,34.1,48.8,28.7,32.5,48.6,**,**,85.2,100.1,208.3,96.1,116.1,40.9,29.3,127.6,59.6,106.9,58.0,162.5,142.8,78.8,116.4,61.5,39.0,71.6,79.3,**,43.3,73.0,51.3,71.7,74.6,84.8,47.6,50.5,30.6,**,,**,144.9,**,**,284.2,299.2,**,88.2,2020-04-26 06:01:07
2020-04-25,**,149.6,**,,139.1,167.8,139.3,93.7,141.0,**,,74.6,**,61.2,134.4,96.9,187.7,,**,114.6,**,**,**,**,**,30.6,41.5,79.7,41.9,123.3,130.9,153.6,141.3,53.1,69.9,32.2,61.6,22.8,68.4,**,79.8,50.0,38.1,,25.7,42.7,61.2,**,**,53.7,39.3,**,**,28.1,,49.3,38.4,34.1,48.8,28.7,32.5,50.7,**,**,86.9,102.4,210.9,96.1,116.1,40.9,29.3,134.9,59.6,103.6,58.0,172.4,142.8,82.0,116.4,63.5,39.0,75.8,79.3,**,43.3,73.0,51.3,71.7,78.6,88.8,49.5,52.2,30.6,**,,**,148.0,**,**,291.5,324.4,**,91.2,2020-04-27 06:01:08
2020-04-26,**,155.4,**,,140.3,174.9,141.4,93.7,141.0,**,,81.7,**,61.2,136.9,104.3,194.5,,**,119.6,**,**,**,**,**,30.6,41.5,79.7,41.9,123.3,130.9,155.2,153.1,53.1,71.8,32.2,61.6,22.8,68.4,**,82.2,50.0,35.8,,25.7,46.2,61.2,**,**,55.6,39.3,**,**,28.1,,49.3,38.4,34.1,48.8,28.7,35.0,50.7,**,**,90.4,109.4,210.9,96.1,122.0,40.9,29.3,138.5,59.6,106.9,58.0,180.3,142.8,85.2,119.1,63.5,44.6,75.8,79.3,**,43.3,73.0,51.3,71.7,78.6,88.8,49.5,52.2,30.6,**,,**,154.0,**,**,334.4,338.8,**,94.1,2020-04-28 06:01:08
2020-04-27,**,161.2,**,,145.1,193.8,149.4,93.7,147.7,**,,85.2,**,61.2,141.9,123.0,208.2,,**,129.4,**,**,**,**,**,34.0,41.5,79.7,41.9,123.3,130.9,163.3,163.4,53.1,77.7,35.8,69.0,26.9,68.4,**,82.2,50.0,38.1,,25.7,48.0,61.2,**,**,61.6,44.9,**,**,28.1,**,51.0,38.4,38.1,51.8,28.7,40.0,50.7,**,**,93.8,118.7,218.6,98.0,126.4,40.9,29.3,138.5,63.3,110.3,58.0,196.2,151.3,90.0,119.1,63.5,44.6,75.8,79.3,**,43.3,79.0,51.3,79.6,82.7,90.8,53.3,52.2,36.2,**,,**,163.1,**,**,374.8,353.3,**,99.3,2020-04-29 06:01:07
2020-04-28,**,161.2,**,,150.0,202.1,153.5,99.6,147.7,**,,88.8,**,64.2,141.9,130.4,218.4,,**,134.3,**,**,**,**,**,37.4,41.5,79.7,41.9,123.3,130.9,166.5,167.8,54.8,93.2,35.8,72.8,29.0,68.4,**,82.2,54.6,38.1,,25.7,48.0,69.3,**,**,61.6,44.9,**,**,30.2,**,52.8,38.4,38.1,51.8,34.4,40.0,52.7,**,**,95.5,118.7,223.8,101.9,135.2,40.9,29.3,138.5,63.3,106.9,60.0,210.1,154.7,96.5,119.1,65.4,44.6,75.8,79.3,**,43.3,82.1,51.3,80.9,82.7,92.7,53.3,55.5,36.2,**,,**,163.1,**,**,398.1,367.7,**,102.8,2020-04-30 06:17:35
2020-04-29,**,172.7,**,,163.3,213.9,159.5,99.6,147.7,**,,92.3,**,64.2,141.9,134.2,237.2,,**,145.8,**,**,**,**,**,40.8,43.8,79.7,41.9,123.3,128.7,168.1,170.8,53.1,99.0,37.6,72.8,26.9,68.4,**,77.5,65.9,40.5,,25.7,49.8,69.3,**,**,63.6,47.7,**,**,30.2,**,59.8,38.4,40.2,51.8,34.4,44.9,52.7,**,**,100.6,125.7,228.9,109.6,145.5,40.9,29.3,134.9,61.5,106.9,62.1,225.9,170.0,96.5,119.1,65.4,44.6,71.6,79.3,**,43.3,82.1,57.7,86.1,80.6,94.7,55.2,53.8,36.2,**,,**,175.1,**,**,411.5,392.9,**,106.8,2020-05-01 06:01:10
2020-04-30,**,172.7,**,,173.0,224.5,173.7,111.3,167.8,**,,92.3,**,64.2,141.9,137.9,250.8,,**,149.0,**,**,**,**,**,44.2,46.1,79.7,41.9,123.3,128.7,177.8,172.2,53.1,106.8,41.2,72.8,26.9,68.4,**,77.5,65.9,45.3,**,26.7,51.6,69.3,**,**,63.6,47.7,**,**,30.2,**,59.8,38.4,42.2,57.9,34.4,47.3,54.7,**,**,102.3,130.4,234.1,113.4,155.7,40.9,29.3,134.9,61.5,113.6,64.2,241.8,181.9,101.3,119.1,65.4,50.2,71.6,82.7,**,43.3,85.1,60.9,91.3,82.7,96.7,57.1,53.8,36.2,**,,**,175.1,**,**,431.1,410.9,**,111.2,2020-05-02 06:01:09
2020-05-01,**,172.7,**,,179.0,238.7,181.7,111.3,171.2,**,,103.0,**,64.2,151.8,149.1,267.9,,**,154.0,**,**,**,**,**,44.2,46.1,79.7,41.9,123.3,130.9,185.9,176.7,53.1,112.6,48.3,74.6,24.9,68.4,**,77.5,70.5,45.3,**,31.3,53.3,69.3,**,**,63.6,53.3,**,**,30.2,**,59.8,38.4,42.2,57.9,34.4,52.4,56.7,**,**,102.3,137.4,239.2,113.4,163.1,40.9,29.3,138.5,63.3,117.0,66.2,245.7,192.1,104.5,121.8,67.3,61.3,71.6,82.7,**,43.3,88.2,60.9,92.6,82.7,98.7,59.0,53.8,36.2,**,,**,178.2,**,**,444.6,443.4,**,115.1,2020-05-03 06:01:07
2020-05-02,**,172.7,**,,187.5,239.9,183.8,111.3,181.2,**,,106.5,**,64.2,156.8,156.5,276.4,,**,158.9,**,**,**,**,**,44.2,46.1,79.7,41.9,123.3,130.9,192.4,181.1,53.1,116.5,48.3,74.6,24.9,68.4,**,77.5,72.7,45.3,**,31.3,53.3,65.2,**,**,63.6,53.3,**,**,30.2,**,61.6,38.4,44.2,57.9,34.4,54.9,60.8,**,**,104.0,144.4,249.5,115.3,171.9,40.9,29.3,142.2,63.3,117.0,72.4,255.7,195.5,104.5,121.8,65.4,61.3,75.8,82.7,**,43.3,88.2,64.1,92.6,84.7,98.7,59.0,53.8,36.2,**,,**,187.2,**,**,453.2,457.8,**,117.7,2020-05-04 07:44:08
2020-05-03,**,178.4,**,,195.9,249.3,187.8,117.2,181.2,**,,117.2,**,64.2,159.3,156.5,286.7,,**,170.3,**,**,**,**,**,44.2,46.1,79.7,41.9,123.3,130.9,202.1,182.6,53.1,120.4,48.3,76.5,24.9,68.4,**,77.5,72.7,47.7,**,33.1,56.9,65.2,**,**,63.6,53.3,**,**,32.2,**,61.6,38.4,44.2,57.9,34.4,54.9,60.8,**,**,107.4,144.4,252.1,117.2,171.9,40.9,29.3,142.2,63.3,117.0,72.4,267.5,200.6,106.1,121.8,65.4,61.3,80.0,82.7,**,43.3,91.2,64.1,92.6,84.7,98.7,59.0,53.8,36.2,**,,**,193.3,**,**,471.6,472.2,**,120.5,2020-05-05 06:01:08
2020-05-04,**,184.2,**,,225.0,260.0,193.9,117.2,198.0,**,,120.7,**,67.1,156.8,164.0,296.9,,**,173.6,**,**,**,**,**,44.2,48.4,79.7,41.9,123.3,142.2,206.9,185.5,53.1,118.4,57.3,78.3,24.9,68.4,**,77.5,77.3,59.6,**,36.8,58.7,69.3,**,**,65.6,53.3,**,**,32.2,**,65.1,46.1,44.2,57.9,34.4,57.4,60.8,**,**,114.2,156.0,252.1,117.2,177.8,45.5,32.6,145.8,63.3,120.3,74.5,277.5,212.5,109.3,121.8,65.4,61.3,80.0,86.2,**,45.4,88.2,67.3,96.5,84.7,98.7,59.0,53.8,36.2,**,,**,208.4,**,**,489.9,486.6,**,124.6,2020-05-06 06:01:09
2020-05-05,28.0,184.2,**,,234.6,273.0,195.9,111.3,204.7,**,,127.8,**,67.1,156.8,171.4,322.5,,**,178.5,**,**,**,**,**,44.2,48.4,79.7,41.9,116.1,144.4,213.4,203.2,53.1,122.3,68.0,76.5,29.0,68.4,**,77.5,81.8,59.6,**,36.8,60.4,73.4,**,**,65.6,53.3,**,**,34.2,**,65.1,46.1,44.2,57.9,34.4,59.9,60.8,**,**,114.2,158.3,257.2,119.2,189.5,45.5,32.6,149.5,65.2,123.6,76.6,291.3,217.6,117.4,121.8,67.3,61.3,80.0,89.6,**,45.4,100.3,67.3,97.8,88.7,98.7,60.9,53.8,38.9,**,,**,217.4,**,**,521.8,493.9,**,129.4,2020-05-07 06:01:10
2020-05-06,28.0,189.9,**,,245.5,282.4,199.9,111.3,211.4,**,,131.4,**,67.1,156.8,171.4,331.0,,**,186.7,**,**,**,**,**,44.2,50.7,79.7,41.9,116.1,146.7,221.5,207.6,53.1,126.2,73.4,78.3,29.0,68.4,**,77.5,84.1,59.6,**,42.3,62.2,85.6,**,**,65.6,53.3,**,**,40.2,**,68.6,46.1,44.2,57.9,40.1,62.4,62.8,**,**,114.2,163.0,257.2,119.2,198.4,45.5,32.6,149.5,68.9,120.3,78.7,301.2,226.1,119.0,121.8,67.3,61.3,80.0,86.2,**,45.4,112.5,67.3,97.8,88.7,98.7,60.9,53.8,38.9,**,,**,226.5,**,**,534.0,511.9,**,132.7,2020-05-08 06:01:07
2020-05-07,28.0,189.9,**,,252.8,309.6,204.0,123.0,214.8,**,**,134.9,81.1,72.9,161.8,182.6,365.2,,**,201.5,**,**,**,**,**,40.8,53.0,79.7,41.9,116.1,153.5,250.6,222.3,51.3,132.0,77.0,80.2,33.1,68.4,**,77.5,93.2,66.8,**,42.3,62.2,93.8,**,**,69.6,53.3,**,**,40.2,**,70.4,46.1,44.2,60.9,45.9,64.9,77.0,**,**,119.3,193.2,259.8,121.1,204.2,50.0,32.6,149.5,70.8,120.3,78.7,319.1,229.5,127.0,121.8,67.3,61.3,84.2,89.6,**,45.4,118.6,67.3,103.0,90.7,102.6,62.8,53.8,38.9,**,,**,238.5,**,**,551.2,569.6,**,139.7,2020-05-09 06:01:07
2020-05-08,28,189.9,**,,260.0,309.6,208.0,123.0,218.2,**,**,138.5,92.6,72.9,161.8,182.6,372.0,,**,211.3,**,**,**,**,**,40.8,53.0,79.7,41.9,116.1,158.0,253.8,223.8,53.1,143.7,77.0,82.1,35.2,68.4,**,84.5,93.2,73.9,**,42.3,64.0,106.0,**,**,67.6,53.3,**,**,42.2,**,72.2,46.1,44.2,60.9,45.9,72.4,79.0,**,**,119.3,207.2,270.1,121.1,213.0,50.0,32.6,156.8,72.7,123.6,80.7,329.0,239.7,131.9,124.5,69.2,66.9,88.4,89.6,**,45.4,121.6,73.7,103.0,94.7,104.6,62.8,53.8,38.9,**,,**,235.5,**,**,562.2,584.0,**,143.1,2020-05-10 06:01:07
2020-05-09,28.0,189.9,**,,264.9,327.3,218.1,123.0,221.5,**,**,138.5,92.6,72.9,164.3,186.3,380.5,,**,219.5,**,**,**,**,**,40.8,59.9,79.7,41.9,116.1,158.0,260.3,229.7,61.9,145.6,77.0,85.8,37.3,68.4,**,84.5,95.5,73.9,**,44.1,67.6,106.0,**,**,67.6,53.3,**,**,42.2,**,72.2,46.1,46.2,60.9,51.6,72.4,79.0,**,**,119.3,214.2,270.1,123.0,224.8,50.0,35.8,156.8,72.7,123.6,89.0,342.9,249.9,136.7,124.5,69.2,66.9,88.4,89.6,**,45.4,130.7,73.7,103.0,94.7,104.6,62.8,53.8,38.9,**,,**,241.6,**,**,581.8,656.1,**,147.6,2020-05-11 06:01:07
2020-05-10,28.0,189.9,**,,278.2,340.3,220.1,128.9,221.5,**,**,156.2,92.6,72.9,171.7,190.1,406.1,,**,224.4,**,**,**,**,**,44.2,62.2,79.7,41.9,116.1,162.5,263.5,232.6,63.7,149.5,77.0,85.8,37.3,73.3,**,84.5,97.7,76.3,**,44.1,67.6,101.9,**,**,67.6,53.3,**,**,48.3,**,75.7,46.1,48.2,60.9,51.6,72.4,79.0,**,**,119.3,216.5,272.6,126.9,226.3,59.1,35.8,156.8,72.7,123.6,91.1,358.7,258.4,141.5,127.2,71.2,66.9,92.6,89.6,**,45.4,136.8,73.7,104.4,96.8,104.6,62.8,53.8,38.9,**,,**,244.6,**,**,598.9,692.1,**,151.8,2020-05-12 06:01:09
2020-05-11,28.0,195.7,**,**,281.8,354.5,226.2,128.9,221.5,**,**,159.8,**,93.3,171.7,193.8,411.2,,**,230.9,**,**,**,**,**,44.2,62.2,79.7,41.9,116.1,167.0,265.1,235.6,60.2,151.4,78.8,89.5,37.3,78.2,**,84.5,100.0,76.3,**,44.1,69.3,101.9,**,**,69.6,53.3,**,**,50.3,**,77.4,46.1,50.2,60.9,51.6,74.9,81.0,**,**,121.0,228.2,275.2,128.8,232.1,59.1,35.8,153.1,72.7,127.0,93.1,368.6,270.3,141.5,127.2,71.2,66.9,96.9,89.6,**,45.4,136.8,73.7,104.4,96.8,104.6,62.8,53.8,38.9,**,,**,253.6,**,**,607.5,721.0,**,154.6,2020-05-13 06:01:08
2020-05-12,44.7,201.4,**,**,292.7,365.1,224.2,134.7,228.2,**,**,170.4,**,96.2,176.7,193.8,428.3,,**,235.8,**,**,**,**,**,44.2,66.8,79.7,46.1,116.1,169.3,270.0,240.0,61.9,153.4,84.1,93.3,39.4,78.2,**,84.5,102.3,73.9,**,46.0,69.3,101.9,**,**,69.6,53.3,**,**,50.3,**,75.7,46.1,52.2,60.9,51.6,79.9,83.1,**,**,124.5,230.5,277.8,128.8,241.0,63.6,39.1,164.0,72.7,130.3,95.2,388.4,275.4,144.7,127.2,75.0,78.1,96.9,89.6,**,45.4,130.7,73.7,107.0,96.8,104.6,62.8,55.5,38.9,**,,**,262.7,**,**,617.3,739.0,**,158.1,2020-05-14 06:01:09
2020-05-13,50.3,195.7,**,**,301.2,373.4,230.2,134.7,228.2,**,**,174.0,**,96.2,179.2,197.5,440.2,,**,240.8,**,**,**,**,**,47.6,69.1,85.8,46.1,123.3,169.3,274.8,244.4,63.7,155.3,89.5,97.0,43.5,78.2,**,84.5,102.3,76.3,**,53.3,69.3,106.0,**,**,69.6,53.3,**,**,58.3,**,79.2,46.1,54.2,60.9,51.6,79.9,83.1,**,**,124.5,242.1,282.9,130.7,242.4,63.6,39.1,164.0,74.5,130.3,97.3,396.4,289.0,149.5,135.4,76.9,78.1,105.3,89.6,**,45.4,136.8,73.7,107.0,96.8,104.6,62.8,55.5,38.9,**,,**,268.7,**,**,630.8,775.0,**,161.5,2020-05-15 06:01:07
2020-05-14,44.7,201.4,**,**,308.4,387.6,230.2,134.7,231.6,**,**,177.5,**,96.2,181.7,201.2,457.3,,**,247.3,**,**,**,**,**,47.6,69.1,85.8,46.1,123.3,171.5,302.3,250.3,63.7,165.0,93.1,98.9,43.5,78.2,**,86.9,104.6,78.7,**,53.3,72.9,110.1,**,**,69.6,56.1,**,**,58.3,**,84.5,46.1,62.2,60.9,51.6,84.9,83.1,**,**,129.6,251.4,285.5,132.6,251.2,63.6,35.8,164.0,76.4,133.7,101.4,406.3,294.1,154.4,138.1,78.8,89.2,101.1,93.1,**,45.4,133.8,76.9,108.3,96.8,108.5,62.8,55.5,41.7,**,,38.2,274.8,**,**,638.1,807.5,**,165.5,2020-05-16 06:01:13
2020-05-15,44.7,201.4,**,**,320.5,400.6,242.3,140.6,231.6,**,**,191.7,**,99.2,186.7,205.0,484.6,,**,252.2,**,**,**,**,**,51.0,69.1,85.8,46.1,123.3,171.5,320.1,260.6,63.7,161.1,98.5,98.9,43.5,78.2,**,89.2,104.6,78.7,**,55.2,74.7,114.2,**,**,69.6,58.9,**,**,60.3,**,84.5,46.1,68.3,64.0,51.6,94.9,87.1,**,**,136.4,260.8,293.2,138.4,254.2,59.1,35.8,164.0,76.4,133.7,103.5,412.2,300.9,157.6,138.1,80.8,94.8,101.1,89.6,**,47.4,127.7,76.9,110.9,100.8,104.6,62.8,57.2,41.7,**,,38.2,280.8,**,**,649.2,832.7,**,169.7,2020-05-17 06:01:08
2020-05-16,44.7,207.2,**,**,322.9,413.6,246.4,140.6,241.6,**,**,202.4,**,102.1,186.7,205.0,511.9,,**,253.9,**,**,**,**,**,54.4,69.1,85.8,46.1,123.3,176.0,331.4,266.5,63.7,161.1,98.5,100.7,45.6,78.2,**,91.6,104.6,81.1,**,57.0,76.4,126.4,**,**,69.6,64.6,**,**,60.3,**,86.2,46.1,70.3,67.0,51.6,102.4,91.2,**,**,141.5,293.4,303.5,142.2,263.0,59.1,39.1,178.6,76.4,143.7,109.7,430.1,312.8,164.0,138.1,84.6,94.8,101.1,89.6,**,47.4,133.8,76.9,110.9,102.8,108.5,64.7,57.2,41.7,**,,38.2,283.8,**,**,667.5,865.1,**,174.9,2020-05-18 06:01:10
2020-05-17,44.7,207.2,**,**,329.0,421.9,254.4,140.6,241.6,**,**,205.9,**,102.1,191.7,205.0,518.7,,**,258.8,**,**,**,**,**,54.4,69.1,85.8,46.1,123.3,178.3,358.9,270.9,65.5,161.1,98.5,104.5,45.6,78.2,**,91.6,104.6,81.1,**,57.0,76.4,126.4,**,**,69.6,73.0,**,**,64.3,**,86.2,46.1,78.3,67.0,51.6,104.9,93.2,**,**,139.8,314.3,306.1,144.2,265.9,59.1,39.1,182.3,78.2,147.0,109.7,440.0,319.6,165.6,140.8,86.5,100.4,101.1,93.1,**,47.4,136.8,80.1,114.8,102.8,110.5,64.7,57.2,41.7,**,,**,289.9,**,**,679.8,876.0,**,178.2,20-05-19 06:05:09
2020-05-18,44.7,218.7,**,**,336.2,444.3,254.4,140.6,241.6,**,**,205.9,**,105.0,194.2,205.0,530.7,,**,267.0,**,**,**,**,**,54.4,69.1,85.8,46.1,123.3,178.3,365.3,278.2,65.5,161.1,98.5,104.5,45.6,78.2,**,91.6,106.8,78.7,**,57.0,78.2,122.3,**,**,69.6,75.8,**,**,70.4,**,86.2,46.1,78.3,67.0,51.6,104.9,91.2,**,**,141.5,321.3,308.6,146.1,265.9,59.1,39.1,185.9,78.2,150.4,107.6,449.9,324.7,170.5,140.8,88.5,100.4,101.1,93.1,**,47.4,136.8,83.3,114.8,104.8,108.5,64.7,57.2,41.7,**,,**,292.9,**,**,687.1,883.2,**,180.6,20-05-20 06:05:07
2020-05-19,50.3,212.9,**,**,345.9,454.9,258.5,146.4,255.1,**,**,213.0,**,110.8,196.6,208.7,537.5,,**,273.5,**,**,**,**,44.8,54.4,69.1,85.8,46.1,123.3,178.3,367.0,279.7,65.5,161.1,100.3,108.2,43.5,78.2,**,91.6,109.1,78.7,**,57.0,80.0,122.3,**,**,69.6,81.4,**,**,74.4,**,89.8,46.1,78.3,67.0,51.6,104.9,91.2,**,**,144.9,330.6,311.2,149.9,273.3,59.1,42.3,193.2,76.4,150.4,107.6,459.8,331.5,184.9,143.5,90.4,100.4,105.3,93.1,**,49.5,136.8,86.5,118.7,104.8,110.5,64.7,57.2,41.7,**,,38.2,292.9,**,**,696.9,912.0,**,184.0,20-05-21 06:05:08
2020-05-20,50.3,212.9,**,**,354.4,467.9,262.5,158.2,258.4,**,**,230.8,**,119.6,199.1,212.4,554.6,,**,280.1,**,**,**,**,44.8,57.8,69.1,85.8,46.1,123.3,178.3,379.9,282.7,67.2,165.0,102.1,115.7,45.6,83.1,**,91.6,115.9,78.7,**,58.8,85.3,126.4,**,**,71.5,81.4,**,**,78.4,**,91.5,46.1,80.3,70.1,51.6,112.4,93.2,**,**,148.3,335.3,313.8,151.8,279.2,59.1,45.6,193.2,76.4,153.7,107.6,471.7,345.1,191.4,146.2,94.2,100.4,101.1,93.1,**,49.5,142.9,83.3,120.0,104.8,112.5,64.7,57.2,41.7,**,,38.2,295.9,**,**,722.6,980.5,**,189.2,20-05-22 06:05:10
2020-05-21,50.3,212.9,**,**,358.0,476.2,276.7,169.9,261.8,**,**,230.8,**,119.6,199.1,227.3,561.4,,**,288.3,**,**,**,**,44.8,57.8,69.1,85.8,50.2,123.3,182.8,399.3,285.6,67.2,170.8,105.6,117.5,45.6,83.1,**,91.6,118.2,78.7,**,58.8,87.1,130.5,**,**,73.5,84.2,**,**,82.4,**,91.5,46.1,82.3,70.1,57.3,117.4,99.3,**,**,150.0,349.2,316.4,153.8,280.6,59.1,48.9,196.9,78.2,157.1,109.7,473.7,353.6,193.0,148.9,100.0,100.4,105.3,93.1,**,49.5,152.0,86.5,121.3,106.8,112.5,64.7,57.2,41.7,**,,38.2,320.1,**,**,733.7,976.9,**,192.8,20-05-23 10:05:32
2020-05-22,55.9,218.7,**,**,368.9,485.7,272.6,175.7,268.5,**,**,230.8,**,122.5,201.6,242.2,575.0,,**,298.1,**,**,**,**,44.8,57.8,69.1,85.8,50.2,123.3,189.6,399.3,304.7,70.8,176.7,107.4,119.4,45.6,83.1,**,91.6,120.5,81.1,**,58.8,88.9,130.5,**,**,73.5,84.2,**,**,84.4,**,91.5,46.1,82.3,70.1,57.3,122.4,97.2,**,**,153.4,358.5,316.4,155.7,288.0,59.1,52.1,196.9,83.8,157.1,111.8,491.5,358.7,194.6,148.9,100.0,100.4,105.3,93.1,**,49.5,152.0,89.7,123.9,108.9,112.5,66.6,57.2,41.7,**,,38.2,326.1,**,**,747.1,1020.2,**,196.5,20-05-24 07:05:15
2020-05-23,55.9,218.7,,,374.35,498.7,277.65,178.7,271.9,,,241.5,,124.0,205.4,244.1,581.0,,,304.7,,,,,,57.8,69.1,85.8,50.2,127.0,189.6,409.0,310.6,73.5,177.7,109.2,122.2,45.6,83.1,,91.6,123.9,85.9,,59.8,88.9,130.5,,,73.5,85.6,,,87.5,,94.2,46.1,86.3,70.1,60.2,123.6,102.3,,,155.1,365.5,315.1,155.7,297.6,59.1,52.1,200.5,83.8,158.8,111.8,505.4,365.5,201.0,154.3,101.0,100.4,105.3,96.6,,49.5,156.6,91.3,126.5,110.9,112.5,67.6,58.9,41.7,,,42.0,330.7,,,761.2,1040.0,,200.1,interpolated
2020-05-24,55.9,218.7,**,**,379.8,511.7,282.7,181.6,275.2,**,**,252.1,**,125.4,209.1,246.0,587.0,,**,311.2,**,**,**,**,53.8,57.8,69.1,85.8,50.2,130.6,189.6,418.7,316.5,76.1,178.6,111.0,125.0,45.6,83.1,**,91.6,127.3,90.6,**,60.7,88.9,130.5,**,**,73.5,87.0,**,**,90.5,**,96.8,46.1,90.3,70.1,63.1,124.8,107.4,**,**,156.8,372.5,313.8,155.7,307.1,59.1,52.1,204.1,83.8,160.4,111.8,519.2,372.3,207.4,159.7,101.9,100.4,105.3,100.0,**,49.5,161.1,92.9,129.1,112.9,112.5,68.5,60.6,41.7,**,,45.8,335.2,**,**,775.3,1059.8,**,203.7,20-05-25 17:05:23
2020-05-25,55.9,218.7,**,**,385.8,523.5,286.8,193.3,275.2,**,**,259.2,**,125.4,209.1,246.0,595.5,,**,314.5,**,**,**,**,53.8,57.8,69.1,85.8,50.2,130.6,194.1,430.0,319.5,76.1,178.6,112.8,125.0,47.6,83.1,**,91.6,125.0,93.0,**,62.5,88.9,130.5,**,**,73.5,92.6,**,**,92.5,**,98.6,46.1,90.3,70.1,68.8,127.3,107.4,**,**,156.8,374.8,316.4,159.5,313.0,59.1,52.1,204.1,83.8,160.4,111.8,525.2,375.7,212.3,159.7,103.8,100.4,109.5,100.0,**,49.5,161.1,92.9,129.1,114.9,114.4,68.5,63.9,41.7,**,,45.8,335.2,**,**,786.3,1074.2,**,206.2,20-05-27 06:05:07
2020-05-26,55.9,230.2,**,**,395.5,528.2,290.8,193.3,278.6,**,**,273.4,**,128.3,211.6,246.0,609.2,,**,316.1,**,**,**,**,53.8,57.8,71.4,85.8,54.4,130.6,196.4,433.2,325.4,77.9,194.1,112.8,126.8,49.7,83.1,**,91.6,129.6,93.0,**,64.4,88.9,130.5,**,**,73.5,95.4,**,**,92.5,**,102.1,53.8,92.4,70.1,68.8,127.3,107.4,**,**,156.8,384.2,316.4,159.5,315.9,59.1,52.1,207.8,83.8,160.4,115.9,537.1,379.1,215.5,167.8,105.8,100.4,109.5,100.0,**,51.5,161.1,92.9,131.7,114.9,114.4,70.4,67.3,41.7,**,,53.4,338.2,**,**,793.7,1092.2,**,209.2,20-05-28 07:05:11
2020-05-27,55.9,230.2,**,**,402.7,534.1,294.8,193.3,278.6,**,**,280.5,**,134.2,219.0,249.7,617.7,,**,319.4,**,**,**,**,53.8,57.8,71.4,85.8,54.4,130.6,196.4,441.3,331.2,77.9,198.0,114.6,128.7,51.8,83.1,**,93.9,134.1,95.4,**,66.2,88.9,130.5,**,**,73.5,98.2,**,**,92.5,**,107.4,53.8,92.4,70.1,80.3,129.8,107.4,**,**,168.8,391.1,316.4,163.4,330.6,63.6,55.4,211.4,83.8,160.4,122.1,554.9,389.3,220.3,167.8,105.8,105.9,109.5,100.0,**,51.5,167.2,92.9,131.7,116.9,114.4,70.4,67.3,41.7,**,,53.4,347.3,**,**,801.0,1124.7,**,212.7,20-05-29 06:05:35
2020-05-28,55.9,236.0,**,**,413.6,538.8,300.9,193.3,281.9,**,**,301.8,**,140.0,221.5,253.4,641.6,,**,324.3,**,**,**,**,53.8,57.8,73.7,85.8,54.4,130.6,207.6,452.6,338.6,77.9,198.0,118.2,130.6,51.8,83.1,**,96.3,140.9,95.4,**,68.0,88.9,138.6,**,**,73.5,98.2,**,**,94.5,**,109.1,69.1,92.4,70.1,86.0,129.8,107.4,**,**,163.7,398.1,316.4,169.1,335.0,63.6,55.4,211.4,89.4,157.1,120.1,566.8,399.4,223.5,165.1,109.6,111.5,126.3,106.9,**,51.5,167.2,92.9,133.0,116.9,118.4,70.4,67.3,41.7,**,,53.4,356.3,**,**,817.0,1117.5,**,216.9,20-05-30 09:05:14
2020-05-29,55.9,247.5,**,**,426.9,550.7,302.9,228.4,285.3,**,**,319.6,**,142.9,219.0,268.3,648.4,,**,327.6,**,**,**,**,53.8,57.8,73.7,85.8,54.4,130.6,207.6,459.1,341.6,77.9,200.0,118.2,136.2,51.8,83.1,**,96.3,145.5,97.7,**,68.0,88.9,138.6,**,**,73.5,103.9,**,**,98.5,**,109.1,69.1,94.4,70.1,86.0,137.3,107.4,**,**,167.1,398.1,321.5,178.7,345.3,63.6,55.4,215.1,89.4,167.1,128.3,588.6,416.4,228.3,165.1,111.5,111.5,130.5,117.2,**,51.5,167.2,92.9,135.7,118.9,118.4,70.4,67.3,44.5,**,,53.4,380.5,**,**,828.0,1124.7,**,221.3,20-05-31 15:05:51
2020-05-30,55.9,247.5,**,**,435.4,551.8,309.0,275.3,288.6,**,**,333.8,**,142.9,219.0,268.3,653.5,,**,332.5,**,**,**,**,53.8,57.8,73.7,85.8,54.4,130.6,207.6,460.7,346.0,79.6,201.9,127.1,138.0,60.1,83.1,**,96.3,145.5,102.5,**,71.7,88.9,134.6,**,**,73.5,109.5,**,**,104.6,**,109.1,69.1,94.4,73.1,86.0,137.3,107.4,**,**,170.5,414.4,324.1,178.7,346.8,63.6,58.6,215.1,95.0,167.1,132.5,604.5,423.2,229.9,165.1,113.5,111.5,130.5,117.2,**,51.5,170.2,92.9,137.0,118.9,118.4,70.4,67.3,44.5,**,,53.4,380.5,**,**,837.8,1131.9,**,224.2,20-06-01 06:06:34
2020-05-31,61.5,247.5,**,**,440.2,557.7,309.0,281.2,292.0,**,**,337.3,**,142.9,219.0,275.8,662.0,,**,337.4,**,**,**,**,53.8,57.8,73.7,92.0,54.4,130.6,212.2,462.3,350.4,79.6,203.8,127.1,139.9,62.1,83.1,**,96.3,147.7,102.5,**,71.7,88.9,134.6,**,**,75.5,109.5,**,**,102.5,**,109.1,69.1,94.4,73.1,86.0,139.8,109.4,**,**,172.2,416.8,329.2,178.7,349.7,63.6,61.9,215.1,96.9,167.1,132.5,610.4,426.6,233.2,165.1,121.2,111.5,134.8,117.2,**,51.5,173.3,99.3,139.6,118.9,118.4,70.4,69.0,44.5,**,,53.4,386.5,**,**,851.2,1142.7,**,226.3,20-06-02 07:06:23
2020-06-01,61.5,247.5,**,**,441.5,564.8,311.0,287.0,292.0,**,**,348.0,**,154.6,219.0,275.8,675.7,,**,340.7,**,**,**,**,53.8,57.8,73.7,92.0,54.4,130.6,218.9,467.2,362.2,84.9,209.7,136.1,141.8,62.1,83.1,**,98.6,154.6,104.9,**,75.4,90.7,134.6,**,**,75.5,112.3,**,**,106.6,**,114.4,69.1,94.4,73.1,86.0,147.3,109.4,**,**,177.3,423.7,329.2,186.4,349.7,68.2,65.1,215.1,98.7,170.4,132.5,616.4,428.3,234.8,167.8,123.1,111.5,147.4,120.7,**,51.5,179.3,99.3,140.9,129.0,118.4,74.2,69.0,47.3,**,,61.0,389.5,**,**,853.7,1146.3,**,229.9,20-06-03 07:06:41
2020-06-02,61.5,247.5,**,**,447.5,574.3,321.1,287.0,295.3,**,**,355.1,**,151.7,219.0,279.5,685.9,,**,345.6,**,**,**,**,53.8,57.8,73.7,92.0,54.4,130.6,223.4,472.0,365.1,90.2,227.1,141.4,145.5,64.2,83.1,**,105.6,154.6,104.9,**,77.2,92.4,134.6,**,**,75.5,115.1,**,**,110.6,**,114.4,69.1,94.4,73.1,86.0,149.8,109.4,**,**,179.0,426.1,334.4,194.1,358.5,68.2,68.4,218.7,98.7,170.4,136.6,626.3,438.5,244.4,170.5,126.9,111.5,147.4,120.7,**,53.6,179.3,99.3,140.9,129.0,118.4,72.3,69.0,47.3,**,,61.0,398.6,**,**,863.5,1178.8,**,233.7,20-06-04 07:06:19
2020-06-03,61.5,247.5,**,**,463.2,583.7,323.1,281.2,298.7,**,**,365.7,**,157.5,224.0,283.2,696.2,,**,358.7,**,**,**,**,62.7,57.8,73.7,98.1,62.8,152.3,225.7,478.5,372.5,97.3,227.1,154.0,153.0,66.3,83.1,**,110.3,156.8,112.1,**,79.1,94.2,138.6,**,**,79.5,120.7,**,**,110.6,**,114.4,76.8,94.4,73.1,91.7,152.3,109.4,**,**,180.7,440.0,334.4,194.1,361.4,68.2,68.4,222.4,108.0,170.4,140.8,630.2,445.3,246.0,170.5,126.9,111.5,151.6,124.1,**,55.7,176.3,102.5,140.9,129.0,118.4,74.2,69.0,50.1,**,,61.0,401.6,**,**,865.9,1222.0,**,237.9,20-06-05 06:06:46
2020-06-04,61.5,253.2,**,**,481.4,600.3,329.2,298.7,308.8,**,**,401.2,**,169.2,236.5,286.9,714.9,,**,376.7,**,**,**,**,62.7,61.2,76.0,98.1,62.8,152.3,225.7,485.0,378.4,100.9,236.9,164.7,158.6,66.3,83.1,**,110.3,159.1,116.8,**,80.9,96.0,150.9,**,**,83.5,126.3,**,**,112.6,**,116.2,76.8,96.4,73.1,97.5,152.3,117.5,**,**,184.1,468.0,339.5,201.8,368.8,68.2,71.7,233.3,108.0,173.8,142.8,652.0,455.5,257.3,170.5,128.8,111.5,160.0,131.0,**,57.7,182.4,105.7,144.8,129.0,118.4,76.1,69.0,50.1,**,,61.0,413.7,**,**,894.1,1265.3,**,245.1,20-06-06 10:06:23
2020-06-05,67.1,264.7,**,**,495.9,613.3,333.2,304.6,308.8,**,**,408.3,**,180.8,236.5,290.7,721.8,,**,384.9,**,**,**,**,71.7,64.6,76.0,104.2,62.8,152.3,232.5,491.4,384.2,100.9,240.7,168.3,160.4,70.4,88.0,**,112.7,161.4,121.6,**,86.4,97.8,159.0,**,**,87.4,129.1,**,**,116.6,**,116.2,76.8,100.4,73.1,97.5,154.8,121.6,**,**,189.2,477.3,339.5,211.4,377.6,68.2,71.7,240.6,109.9,177.1,144.9,671.8,472.5,265.3,173.2,130.8,111.5,160.0,131.0,**,57.7,182.4,105.7,146.1,129.0,118.4,76.1,70.7,50.1,**,**,61.0,416.7,**,**,907.6,1294.1,**,250.0,20-06-07 09:06:07
2020-06-06,72.7,264.7,**,**,501.9,620.4,339.3,304.6,308.8,**,**,426.1,**,183.7,239.0,294.4,728.6,,**,398.0,**,**,**,**,71.7,61.2,78.3,104.2,62.8,152.3,232.5,499.5,385.7,102.6,244.6,171.9,160.4,72.5,88.0,**,112.7,161.4,126.4,**,93.8,101.3,167.2,**,**,89.4,129.1,**,**,118.6,**,116.2,76.8,102.4,73.1,97.5,159.8,121.6,**,**,190.9,481.9,344.7,217.2,383.5,68.2,74.9,240.6,109.9,180.4,144.9,687.7,486.1,270.1,173.2,132.7,111.5,164.2,131.0,**,61.9,182.4,105.7,147.4,129.0,118.4,76.1,72.3,52.8,**,**,61.0,422.7,**,**,921.1,1319.3,**,254.0,20-06-08 08:06:07
2020-06-07,72.7,270.5,**,**,508.0,633.4,343.3,310.4,308.8,**,**,443.8,**,189.6,239.0,294.4,742.2,,**,399.6,**,**,**,**,71.7,64.6,78.3,104.2,62.8,152.3,237.0,512.5,396.0,107.9,248.5,170.1,162.3,74.6,92.9,**,115.0,165.9,131.1,**,97.5,110.2,167.2,**,**,95.4,129.1,**,**,120.6,**,116.2,76.8,102.4,82.3,97.5,164.8,123.6,**,**,192.6,495.9,347.2,217.2,392.3,68.2,78.2,240.6,109.9,180.4,147.0,697.6,498.0,276.6,173.2,134.6,111.5,164.2,134.5,**,61.9,185.4,105.7,147.4,133.1,118.4,76.1,74.0,52.8,**,**,68.7,425.8,**,**,934.5,1355.4,**,258.3,20-06-09 07:06:00
2020-06-08,72.7,287.8,**,**,512.8,641.6,347.3,310.4,308.8,**,**,447.4,**,189.6,239.0,298.1,747.4,,**,402.9,**,**,**,**,89.6,68.0,78.3,104.2,62.8,152.3,237.0,517.3,400.4,109.7,252.4,175.5,166.0,74.6,92.9,**,117.4,165.9,131.1,**,97.5,112.0,167.2,**,**,93.4,134.7,**,**,126.7,**,117.9,76.8,102.4,82.3,97.5,167.3,123.6,**,**,192.6,502.9,347.2,221.0,398.2,68.2,78.2,240.6,109.9,183.8,157.3,705.5,499.7,279.8,173.2,144.2,111.5,172.7,134.5,**,63.9,185.4,112.1,147.4,133.1,122.3,76.1,74.0,52.8,**,**,68.7,431.8,**,**,951.7,1380.6,**,261.5,20-06-10 05:06:23
2020-06-09,72.7,282.0,**,**,518.9,646.4,349.4,328.0,315.5,**,**,447.4,**,189.6,239.0,305.6,762.7,,**,417.6,**,**,**,**,98.6,68.0,76.0,104.2,62.8,159.6,237.0,522.2,400.4,111.5,254.3,177.2,166.0,74.6,88.0,**,117.4,168.2,131.1,**,101.1,112.0,175.3,**,**,95.4,134.7,**,**,128.7,**,117.9,84.5,102.4,88.4,91.7,174.8,125.6,**,**,197.8,507.6,347.2,226.8,409.9,68.2,78.2,240.6,109.9,180.4,161.5,727.3,509.9,281.4,173.2,144.2,111.5,172.7,134.5,**,63.9,188.5,112.1,148.7,133.1,122.3,76.1,74.0,55.6,**,**,68.7,437.8,**,**,961.5,1387.8,**,264.8,20-06-11 06:06:20
2020-06-10,78.3,293.5,**,**,530.9,661.7,347.3,333.9,318.8,**,**,461.6,**,195.4,241.4,320.5,773.0,,**,422.6,**,**,**,**,98.6,71.4,76.0,104.2,62.8,159.6,241.5,527.0,401.9,113.2,264.0,182.6,175.3,76.6,88.0,**,122.1,175.0,131.1,**,103.0,113.8,175.3,**,**,93.4,137.5,**,**,130.7,**,123.2,84.5,102.4,94.5,91.7,174.8,129.7,**,**,202.9,514.5,352.4,234.5,417.3,77.3,78.2,240.6,111.8,183.8,165.6,743.2,520.1,286.2,176.0,144.2,111.5,172.7,134.5,**,63.9,188.5,112.1,148.7,133.1,122.3,79.9,74.0,64.0,**,**,68.7,440.9,**,**,970.1,1431.1,**,269.6,20-06-12 06:06:17
2020-06-11,78.3,305.0,**,**,546.7,674.7,353.4,333.9,318.8,**,**,461.6,**,201.2,243.9,320.5,783.2,,**,429.1,**,**,**,**,98.6,71.4,78.3,110.3,62.8,159.6,241.5,535.1,407.8,115.0,271.8,186.2,182.8,76.6,88.0,**,122.1,181.8,131.1,**,106.6,113.8,175.3,**,**,97.4,143.1,**,**,136.7,**,125.0,84.5,104.4,94.5,91.7,182.3,131.7,**,**,206.3,519.2,349.8,238.3,426.1,77.3,78.2,240.6,111.8,183.8,167.7,761.0,530.3,292.7,176.0,146.2,111.5,172.7,134.5,**,66.0,191.5,112.1,150.0,133.1,126.3,79.9,74.0,64.0,**,**,68.7,446.9,**,**,975.0,1438.3,**,273.6,20-06-13 06:06:20
2020-06-12,78.3,305.0,**,**,560.0,696.0,355.4,333.9,318.8,**,**,461.6,**,204.1,243.9,324.2,793.4,,**,435.7,**,**,**,**,107.5,74.8,78.3,110.3,62.8,159.6,246.0,543.2,409.3,118.5,273.7,189.8,194.0,82.9,92.9,**,122.1,184.1,131.1,**,114.0,117.3,179.4,**,**,97.4,143.1,**,**,144.8,**,130.3,84.5,106.4,94.5,103.2,179.8,133.7,**,**,211.4,528.5,352.4,242.2,440.8,77.3,78.2,244.2,130.4,190.5,171.8,770.9,540.5,299.1,178.7,146.2,111.5,172.7,134.5,**,70.1,191.5,112.1,151.3,133.1,124.3,81.8,75.7,64.0,**,**,76.3,459.0,**,**,982.3,1481.6,**,279.1,20-06-14 06:06:18
2020-06-13,78.3,305.0,**,**,561.2,703.1,359.5,333.9,322.2,**,**,468.7,**,204.1,243.9,327.9,803.7,,**,438.9,**,**,**,**,107.5,74.8,78.3,110.3,67.0,159.6,248.3,546.4,415.2,120.3,277.6,193.4,194.0,87.0,92.9,**,124.4,184.1,138.3,**,114.0,122.7,179.4,**,**,97.4,143.1,**,**,150.8,**,130.3,92.2,106.4,94.5,103.2,189.8,139.8,**,**,214.8,537.8,352.4,249.9,449.6,81.8,81.4,244.2,132.3,190.5,175.9,778.9,552.4,303.9,181.4,148.1,117.1,172.7,134.5,**,72.2,191.5,115.3,151.3,133.1,124.3,81.8,80.8,64.0,**,**,76.3,462.0,**,**,982.3,1492.4,**,282.9,20-06-15 06:06:22
2020-06-14,83.9,305.0,**,**,567.2,718.5,359.5,333.9,325.5,**,**,475.8,**,218.7,243.9,342.8,829.3,,**,443.9,**,**,**,**,107.5,78.2,80.6,110.3,67.0,159.6,250.5,546.4,421.1,120.3,281.5,196.9,195.9,95.3,97.7,**,126.8,186.4,150.2,**,119.5,126.2,187.6,**,**,101.4,148.8,**,**,152.8,**,132.0,99.9,108.4,94.5,103.2,197.3,143.8,**,**,218.2,549.5,354.9,251.8,459.9,81.8,84.7,244.2,136.0,190.5,180.1,800.7,560.9,308.7,181.4,153.8,122.7,176.9,141.4,**,72.2,191.5,115.3,151.3,133.1,126.3,85.6,84.1,66.8,**,**,99.2,462.0,**,**,989.7,1532.0,**,287.9,20-06-16 06:06:19
2020-06-15,83.9,305.0,**,**,572.1,736.2,359.5,345.6,328.9,**,**,497.1,**,224.6,243.9,346.6,842.9,,**,455.3,**,**,**,**,107.5,78.2,80.6,116.5,67.0,159.6,252.8,551.3,428.4,125.6,283.4,204.1,205.2,99.4,97.7,**,126.8,186.4,152.6,**,121.4,126.2,191.7,**,**,105.3,151.6,**,**,154.8,**,135.5,99.9,110.4,103.6,108.9,204.7,147.9,**,**,223.3,558.8,357.5,255.6,468.7,81.8,87.9,244.2,143.4,190.5,180.1,814.5,569.4,310.3,181.4,159.6,122.7,172.7,137.9,**,72.2,191.5,118.6,153.9,135.1,126.3,85.6,82.4,66.8,**,**,99.2,462.0,**,**,992.1,1550.1,**,291.5,20-06-17 06:06:16
2020-06-16,89.5,305.0,**,**,576.9,745.6,365.5,339.7,335.6,**,**,511.3,**,230.4,246.4,361.5,856.6,,**,460.2,**,**,**,**,107.5,81.6,80.6,122.6,71.2,159.6,252.8,557.7,434.3,129.2,285.4,207.7,210.8,99.4,97.7,**,126.8,190.9,162.1,**,125.0,126.2,195.7,**,**,103.3,151.6,**,**,154.8,**,140.8,99.9,112.4,103.6,120.4,209.7,152.0,**,**,225.0,561.1,367.8,259.5,476.1,81.8,91.2,244.2,147.2,190.5,182.2,826.4,569.4,313.6,181.4,163.5,122.7,181.1,137.9,**,76.3,191.5,121.8,153.9,137.1,130.2,87.5,84.1,66.8,**,**,99.2,471.1,**,**,994.5,1560.9,**,295.3,20-06-18 06:06:19
2020-06-17,95.1,305.0,**,**,586.6,762.2,369.6,339.7,342.3,**,**,529.1,**,236.2,248.9,368.9,858.3,,**,486.4,**,**,**,**,107.5,81.6,82.9,122.6,75.4,166.8,257.3,570.7,441.7,127.4,302.9,213.1,227.6,107.7,97.7,**,129.1,190.9,169.3,**,132.4,133.3,203.9,**,**,109.3,154.4,**,**,154.8,**,146.1,99.9,114.4,106.7,126.1,212.2,162.1,**,**,231.9,570.4,370.4,271.0,487.8,81.8,91.2,247.9,152.8,197.2,190.4,842.3,588.1,329.6,181.4,167.3,128.2,185.3,141.4,**,82.5,191.5,125.0,159.1,139.1,134.2,87.5,85.8,69.5,**,**,106.8,489.2,**,**,1006.8,1571.7,**,302.4,20-06-19 06:06:21
2020-06-18,100.6,305.0,**,**,596.3,788.2,381.7,345.6,342.3,**,**,553.9,**,242.1,253.9,398.7,871.9,,**,501.2,**,**,**,**,107.5,91.8,87.5,122.6,75.4,174.1,257.3,573.9,446.1,129.2,310.6,218.4,235.0,116.0,102.6,**,133.8,193.2,174.0,**,139.7,138.7,212.0,**,**,115.3,157.2,**,**,168.9,**,147.9,115.2,120.5,121.9,131.9,222.2,166.1,**,**,237.0,582.1,380.7,274.8,498.1,81.8,91.2,258.8,158.3,203.8,190.4,876.0,594.9,344.1,181.4,169.2,128.2,189.5,148.2,**,84.5,197.6,128.2,163.0,139.1,138.1,91.3,89.2,72.3,**,**,114.5,501.3,**,**,1021.5,1622.1,**,310.1,20-06-20 06:06:17
2020-06-19,100.6,316.5,**,**,597.5,797.6,383.7,357.3,349.0,**,**,553.9,**,242.1,253.9,402.5,889.0,,**,509.4,**,**,**,**,107.5,95.3,87.5,122.6,75.4,181.3,261.8,575.5,447.6,130.9,312.6,220.2,244.4,120.1,117.3,**,136.2,195.5,178.8,**,139.7,140.4,208.0,**,**,119.2,157.2,**,**,170.9,**,154.9,115.2,122.5,128.0,126.1,232.2,166.1,**,**,245.5,589.0,380.7,276.8,512.8,81.8,91.2,258.8,167.7,200.5,194.6,895.8,601.7,347.3,186.8,173.1,128.2,189.5,148.2,**,86.6,197.6,131.4,164.4,143.1,138.1,89.4,99.3,72.3,**,**,122.1,507.3,**,**,1026.4,1633.0,**,314.1,20-06-21 06:06:22
2020-06-20,100.6,322.3,**,**,612.0,818.9,395.8,363.2,359.1,**,**,575.2,**,271.2,261.4,428.6,911.2,,**,519.2,**,**,**,**,107.5,105.5,94.4,122.6,79.5,188.6,266.3,577.1,459.3,132.7,314.5,227.4,253.7,124.3,117.3,**,136.2,197.7,183.6,**,145.3,147.6,208.0,**,**,127.2,157.2,**,**,181.0,**,158.4,115.2,132.5,134.1,126.1,244.7,172.2,**,**,248.9,600.7,391.0,286.4,537.8,86.4,94.5,266.1,173.2,200.5,209.1,947.3,627.2,358.6,192.2,175.0,128.2,197.9,148.2,**,86.6,200.6,131.4,167.0,145.1,138.1,91.3,106.0,77.9,**,**,129.7,522.4,**,**,1049.7,1676.2,**,323.4,20-06-22 06:06:15
2020-06-21,100.6,328.1,**,**,625.3,839.0,407.9,369.0,372.5,**,**,593.0,**,280.0,268.8,436.0,931.6,,**,525.7,**,**,**,**,107.5,108.9,101.4,122.6,79.5,188.6,270.8,582.0,471.1,141.5,322.3,229.2,266.8,130.5,117.3,**,138.5,200.0,188.3,**,160.0,151.1,208.0,**,**,129.2,157.2,**,**,183.0,**,167.2,122.9,136.5,137.1,131.9,254.7,182.3,**,**,254.0,607.7,396.1,296.0,556.9,86.4,101.0,273.4,195.6,200.5,211.1,975.1,640.8,369.8,197.6,180.8,133.8,197.9,151.7,**,92.8,203.7,134.6,169.6,151.2,138.1,135.1,112.7,83.4,**,**,167.9,540.5,**,**,1069.3,1694.2,**,332.5,20-06-23 06:06:14
2020-06-22,106.2,339.6,**,**,641.0,847.3,416.0,374.9,382.6,**,**,593.0,**,288.7,268.8,447.2,936.8,,**,540.5,**,**,**,**,107.5,112.3,108.3,134.9,83.7,188.6,273.1,585.2,482.9,143.3,330.0,239.9,274.2,140.9,132.0,**,143.2,204.6,188.3,**,163.6,152.9,220.2,**,**,133.2,157.2,**,**,189.0,**,167.2,122.9,140.5,140.2,131.9,269.7,186.4,**,**,252.3,614.7,393.5,301.8,562.7,86.4,107.5,277.0,210.5,210.5,215.3,996.9,661.2,381.1,200.3,182.7,139.4,197.9,162.0,**,94.8,209.7,141.0,169.6,155.2,138.1,138.9,116.1,89.0,**,**,167.9,540.5,**,**,1079.1,1701.5,**,338.4,20-06-24 06:06:15
2020-06-23,123.0,356.8,**,**,648.3,867.3,434.2,374.9,382.6,**,**,603.6,**,300.4,278.8,469.6,964.1,,**,555.2,**,**,**,**,107.5,119.1,115.2,134.9,83.7,188.6,277.6,591.7,503.5,146.9,343.6,252.4,283.5,151.2,141.7,**,147.9,213.7,197.9,**,169.2,158.2,224.3,**,**,141.1,162.8,**,**,197.0,**,174.3,122.9,144.6,146.3,149.0,279.7,196.5,**,**,260.8,642.6,398.7,307.5,577.4,90.9,110.7,288.0,229.1,213.9,227.7,1020.7,676.5,394.0,205.7,186.5,139.4,197.9,172.4,**,99.0,215.8,144.2,177.4,157.2,142.1,144.6,116.1,94.6,**,**,167.9,585.8,**,**,1088.9,1708.7,**,348.3,20-06-25 05:06:30
2020-06-24,128.6,368.3,**,**,657.9,891.0,450.3,374.9,382.6,**,**,617.8,**,306.2,281.3,480.7,991.4,,**,565.1,**,**,**,**,107.5,119.1,124.4,134.9,104.7,195.9,284.4,606.2,512.3,152.2,351.4,257.8,300.3,165.7,141.7,**,157.3,220.5,205.0,**,172.8,168.9,244.7,**,**,143.1,168.4,**,**,203.1,**,181.3,122.9,150.6,149.3,160.5,284.7,210.7,**,**,269.4,665.9,401.2,319.1,602.4,90.9,110.7,302.6,244.0,220.5,227.7,1064.3,691.8,411.7,213.9,192.3,145.0,197.9,179.3,**,101.0,221.9,150.6,183.9,157.2,144.0,152.2,127.9,100.1,**,**,167.9,600.9,**,**,1104.8,1737.5,**,358.4,20-06-26 06:06:14
2020-06-25,128.6,368.3,**,**,665.2,906.3,468.5,404.2,396.0,**,**,639.1,**,320.8,288.7,491.9,1017.0,,**,591.3,**,**,**,**,152.3,122.5,126.7,134.9,108.9,203.1,300.2,614.3,519.7,157.5,355.3,270.3,319.0,171.9,141.7,**,159.6,220.5,214.6,**,183.9,174.2,252.8,**,**,147.1,168.4,**,**,223.2,**,186.6,130.6,166.6,158.5,166.2,307.1,226.9,**,**,296.6,693.8,406.4,332.5,625.9,127.3,114.0,317.1,281.3,230.6,236.0,1107.9,705.4,427.7,222.0,203.9,150.6,219.0,179.3,**,103.1,224.9,160.2,189.1,157.2,151.9,159.8,136.3,114.0,**,**,175.5,637.1,**,**,1120.7,1798.8,**,371.6,20-06-27 06:06:19
2020-06-26,134.2,368.3,**,**,678.5,934.7,486.7,421.7,426.2,**,**,664.0,**,326.6,296.2,514.3,1037.4,,**,602.7,**,**,**,**,161.3,139.5,131.3,153.3,108.9,210.4,309.2,628.8,534.4,161.0,372.8,281.1,332.0,192.7,141.7,**,171.4,225.0,219.3,**,187.6,192.0,252.8,**,**,155.0,182.4,**,**,249.3,**,193.6,146.0,174.7,161.5,177.7,324.6,239.1,**,**,310.3,705.5,416.7,336.4,645.0,140.9,127.0,335.4,303.6,247.3,248.4,1131.6,722.4,439.0,227.4,211.5,161.7,223.2,189.6,**,111.3,237.1,163.4,195.7,163.3,161.8,163.6,144.7,125.2,**,**,183.1,664.3,**,**,1152.6,1816.8,**,384.6,20-06-28 05:06:25
2020-06-27,139.8,374.1,**,**,695.4,948.9,504.9,462.7,446.4,**,**,681.7,**,335.4,301.2,547.8,1054.5,,**,628.9,**,**,**,**,161.3,139.5,142.8,153.3,113.0,224.9,331.8,657.9,560.9,164.5,388.3,290.0,345.1,203.0,146.6,**,173.7,229.6,228.9,**,200.4,199.1,256.9,**,**,161.0,188.1,**,**,269.4,**,198.9,146.0,188.7,167.6,177.7,347.1,251.2,**,**,322.2,731.1,429.5,351.7,674.4,159.1,136.8,360.9,318.5,260.6,254.6,1161.4,753.0,451.9,232.8,228.9,172.9,231.6,203.4,**,115.5,243.2,166.6,202.2,165.3,165.8,169.3,149.7,122.4,**,**,190.8,788.1,**,**,1175.8,1874.5,**,399.5,20-06-29 06:06:18
2020-06-28,139.8,391.4,**,**,724.5,980.8,539.2,480.3,466.5,**,**,710.2,**,350.0,316.1,562.7,1100.6,,**,651.9,**,**,**,**,170.3,139.5,147.4,159.4,121.4,246.6,347.6,674.1,574.2,176.9,396.0,304.4,360.0,215.4,166.2,**,178.4,231.8,1240.8,**,207.8,208.0,281.4,**,**,161.0,196.5,**,**,291.6,**,204.2,153.6,194.8,179.8,189.2,369.5,267.4,**,**,335.9,756.7,432.1,361.3,695.0,168.2,146.6,368.2,337.2,267.3,267.0,1201.0,776.8,467.9,246.3,234.6,178.4,231.6,206.9,**,119.6,237.1,169.8,210.0,171.4,165.8,184.5,156.5,130.7,**,**,190.8,806.2,**,**,1197.9,1932.2,**,414.4,20-06-30 06:06:18
2020-06-29,145.4,408.6,**,**,743.8,998.5,547.3,486.2,483.3,**,**,717.3,**,355.8,321.1,570.2,1121.0,,**,666.6,**,**,**,**,188.2,149.7,154.3,159.4,125.6,246.6,356.6,691.9,580.1,185.8,405.8,311.5,367.5,225.8,175.9,**,183.1,236.4,245.6,12.8,215.1,218.7,285.4,**,**,165.0,199.3,**,**,295.6,**,211.2,153.6,200.8,179.8,200.6,392.0,275.5,**,**,351.2,777.6,439.8,374.8,709.7,172.7,149.8,371.8,344.6,280.7,275.3,1222.8,790.4,482.4,246.3,238.5,172.9,235.8,213.7,**,123.7,243.2,169.8,217.8,173.4,165.8,188.3,161.5,133.5,**,**,190.8,815.3,**,**,1212.6,1953.8,**,423.9,20-07-01 11:07:54
2020-06-30,145.4,420.1,**,**,777.7,1016.2,563.4,521.3,503.4,**,**,724.4,**,364.5,336.0,581.4,1143.2,,**,694.4,**,**,**,**,188.2,170.1,170.5,171.6,125.6,246.6,379.2,701.6,597.7,194.6,415.5,320.5,376.8,252.7,195.5,**,197.2,243.2,252.7,12.8,224.3,220.4,285.4,**,**,168.9,213.3,**,**,309.6,**,220.0,153.6,216.8,179.8,206.4,409.5,281.6,**,**,361.4,824.2,457.8,395.9,731.7,186.4,162.8,390.1,367.0,280.7,293.9,1254.5,804.0,504.9,265.3,259.6,184.0,240.0,224.1,**,127.8,264.5,176.2,229.6,179.4,171.7,196.0,163.2,155.8,**,**,198.4,833.4,**,**,1227.3,1975.4,**,438.1,20-07-02 06:07:14
2020-07-01,162.1,443.2,**,**,799.4,1034.0,575.5,527.2,523.6,**,**,745.7,**,373.3,353.5,614.9,1179.1,,**,720.6,**,**,**,**,188.2,180.3,177.4,171.6,138.2,261.1,422.1,716.1,621.3,207.0,423.2,324.1,401.1,261.0,195.5,**,216.0,252.3,267.0,15.4,233.5,224.0,297.7,**,**,176.9,221.7,**,**,313.7,**,237.6,169.0,234.9,185.9,217.8,417.0,308.0,**,**,380.2,875.4,473.3,409.4,772.8,190.9,166.1,401.0,396.8,280.7,310.5,1296.1,831.2,529.0,281.5,271.2,200.7,248.5,234.4,**,131.9,285.7,182.6,230.9,183.4,177.6,201.7,178.3,294.8,**,**,228.9,854.5,**,**,1261.6,2007.9,**,455.6,20-07-03 06:07:12
2020-07-02,173.3,454.7,**,**,829.7,1054.0,581.6,533.0,537.0,**,**,774.1,**,387.9,368.4,622.3,1196.1,**,**,727.2,**,**,**,**,188.2,187.1,184.3,171.6,146.5,261.1,444.6,729.1,637.5,222.9,431.0,325.8,414.1,269.3,195.5,**,230.1,259.1,286.1,15.4,248.2,240.0,326.2,**,**,184.8,227.3,**,**,329.8,**,244.7,169.0,234.9,188.9,212.1,424.5,324.2,**,**,390.4,905.7,481.0,422.8,793.4,195.5,185.6,404.6,408.0,297.4,312.6,1325.9,853.3,549.9,292.4,276.9,206.3,252.7,255.1,**,134.0,291.8,185.8,237.4,191.5,181.5,203.6,188.4,69.7,**,**,198.4,942.1,**,**,1287.3,2029.5,**,470.3,20-07-04 06:07:21
2020-07-03,182.0,492.0,,,854.0,1072.0,606.0,548.0,555.0,,,790.0,,395.0,378.0,643.0,1223.0,,,753.0,,,,,193.0,214.0,195.0,178.0,165.0,272.0,464.0,742.0,652.0,234.0,446.0,337.0,436.0,293.0,213.0,,3239.0,270.0,302.0,15.0,262.0,250.0,355.0,,,189.0,246.0,,,351.0,,254.0,188.0,253.0,194.0,221.0,441.0,346.0,,,412.0,928.0,490.0,431.0,815.0,200.0,199.0,421.0,432.0,307.0,324.0,1353.0,874.0,570.0,301.0,288.0,215.0,261.0,264.0,,142.0,2806.0,194.0,246.0,698.0,185.0,206.0,199.0,74.0,,,210.0,957.0,,,1320.0,2066.0,,486.0,interpolated
2020-07-04,190.1,529.5,**,**,878.1,1090.7,630.1,562.3,573.9,**,**,806.0,**,402.5,388.3,663.3,1249.0,**,**,779.6,**,**,**,**,197.1,241.5,205.0,183.9,184.2,282.9,483.0,754.9,666.9,245.9,460.1,349.1,457.0,316.9,229.7,**,6248.8,281.8,317.1,15.4,275.8,259.6,383.3,**,**,192.8,263.8,**,**,372.0,**,262.3,207.4,271.0,198.1,229.3,456.9,368.7,**,**,433.0,949.9,499.0,440.1,837.5,204.6,211.7,437.4,456.4,317.4,335.3,1379.4,894.1,590.1,308.6,298.1,223.0,269.5,272.4,**,150.5,5319.2,201.9,254.4,1203.6,189.4,207.4,208.6,78.0,**,**,221.3,972.3,**,**,1352.2,2101.6,**,501.2,20-07-06 06:07:15
2020-07-05,195.7,541.0,**,**,885.3,1108.4,644.2,574.0,587.3,**,**,838.0,**,408.3,400.7,667.1,1281.4,**,**,800.9,**,**,**,**,206.1,255.1,218.8,190.0,188.4,282.9,485.3,761.4,668.4,260.1,462.1,359.9,455.2,329.4,239.5,**,255.9,286.4,326.6,15.4,285.0,264.9,383.3,**,**,194.8,269.5,**,**,382.0,**,264.0,222.8,283.1,207.2,235.0,466.9,380.9,**,**,443.3,963.9,499.0,449.7,843.4,204.6,215.0,448.4,473.2,320.8,339.5,1399.2,911.1,593.4,308.6,307.7,239.8,273.7,286.1,**,152.6,322.2,214.7,255.7,205.6,193.4,211.2,217.0,178.0,**,**,274.7,981.4,**,**,1376.7,2144.8,**,509.4,20-07-07 05:07:03
2020-07-06,218.1,587.1,**,**,911.9,1142.7,680.5,591.6,617.5,**,**,848.6,**,420.0,413.2,674.5,1322.4,**,**,827.1,**,**,**,**,233.0,258.5,228.0,196.2,201.0,282.9,532.7,814.8,691.9,265.4,473.7,381.4,477.5,339.7,244.4,**,265.3,302.3,336.2,15.4,286.8,272.0,387.4,**,**,198.7,283.5,**,**,412.2,**,274.6,222.8,305.2,213.3,240.8,486.9,389.0,**,**,462.0,982.5,509.3,457.4,871.3,222.7,221.5,488.5,488.1,344.2,356.0,1432.9,926.4,619.1,333.0,313.5,239.8,286.4,289.6,**,156.7,331.3,221.1,266.1,209.7,199.3,213.1,222.1,180.8,**,**,282.3,1002.5,**,**,1404.9,2173.7,**,526.7,20-07-08 06:07:16
2020-07-07,212.5,587.1,**,**,920.4,1149.8,684.6,620.9,637.7,**,**,862.8,**,422.9,420.7,678.2,1330.9,**,**,853.3,**,**,**,**,233.0,272.1,237.3,214.6,205.1,290.1,539.4,814.8,699.3,270.7,475.6,390.3,492.5,348.0,254.1,**,272.3,311.4,345.7,15.4,305.2,280.9,399.6,**,**,210.7,289.1,**,**,420.2,**,278.1,215.1,307.2,219.4,258.0,496.9,393.0,**,**,472.2,1003.5,519.6,463.2,881.6,218.2,231.2,503.1,501.1,344.2,366.4,1456.7,933.2,640.0,343.8,319.2,256.5,286.4,293.0,**,164.9,337.4,224.3,268.7,215.7,197.3,216.9,227.1,180.8,**,**,305.2,1011.6,**,**,1425.7,2198.9,**,534.6,20-07-09 06:07:15
2020-07-08,234.8,598.6,**,**,948.2,1178.1,714.9,644.3,657.8,**,**,866.4,**,443.3,430.6,704.3,1363.3,**,**,891.0,**,**,**,**,241.9,275.5,244.2,220.7,209.3,304.7,559.7,853.6,715.5,274.2,497.0,401.0,509.3,348.0,259.0,**,281.7,318.2,357.6,15.4,308.9,288.0,420.0,**,**,218.6,294.7,**,**,432.3,**,295.7,222.8,315.2,225.5,269.4,514.4,413.3,**,**,485.9,1043.0,529.8,474.7,911.0,236.4,250.8,528.6,519.7,367.6,380.9,1514.1,948.5,649.6,343.8,334.6,273.2,286.4,299.9,**,162.9,343.5,240.3,272.6,221.8,205.2,220.7,233.9,186.4,**,**,320.5,1032.7,**,**,1461.2,2249.4,**,551.4,20-07-10 06:07:15
2020-07-09,251.6,598.6,**,**,959.1,1195.8,725.0,650.2,667.9,**,**,894.8,**,455.0,445.6,730.4,1388.9,**,**,923.7,**,**,**,**,250.9,285.8,248.8,239.1,226.1,319.2,564.3,876.2,740.5,279.6,510.6,415.4,527.9,352.2,263.9,**,291.1,325.0,376.7,17.9,318.1,300.4,424.1,**,**,234.5,305.9,**,**,444.4,**,297.5,222.8,317.2,231.6,280.9,526.9,433.6,**,**,497.8,1054.7,537.6,484.3,922.7,240.9,263.8,557.7,530.9,380.9,393.3,1537.9,967.2,660.9,346.5,353.9,295.5,286.4,306.8,**,171.1,358.7,243.5,290.9,223.8,207.2,222.6,242.3,189.1,**,**,328.1,1053.8,**,**,1497.9,2271.0,**,565.2,20-07-11 06:07:15
2020-07-10,257.2,621.6,**,**,973.6,1217.1,747.2,679.5,698.1,**,**,905.4,**,472.5,448.0,737.9,1419.6,**,**,941.8,**,**,**,**,250.9,296.0,253.4,257.5,234.4,340.9,582.3,892.4,756.7,295.5,520.3,420.7,535.4,358.4,268.8,**,307.5,327.3,393.4,17.9,327.3,312.9,436.3,**,**,244.5,320.0,**,**,456.4,**,306.3,230.5,335.3,240.8,292.4,544.3,445.7,**,**,508.0,1078.0,542.7,492.0,944.8,254.6,267.1,568.7,538.4,394.3,407.8,1559.7,994.4,672.2,357.3,357.7,295.5,299.0,317.2,**,173.2,376.9,256.3,296.1,227.8,217.1,232.1,247.3,205.8,**,**,335.7,1135.4,**,**,1534.7,2314.3,**,580.4,20-07-12 06:07:25
2020-07-11,268.4,650.4,**,**,993.0,1237.2,765.4,691.2,731.6,**,**,916.1,**,481.2,460.5,745.3,1447.0,**,**,994.2,**,**,**,**,259.9,316.4,267.2,282.0,234.4,340.9,602.6,923.1,770.0,300.8,531.9,442.2,546.6,370.8,268.8,**,321.6,334.1,410.1,17.9,343.8,330.7,473.0,**,**,256.4,320.0,**,**,480.6,**,315.1,222.8,341.3,249.9,303.8,556.8,457.9,**,**,521.7,1119.9,545.3,503.6,971.2,259.1,276.8,590.6,551.4,414.4,411.9,1595.4,1025.0,694.7,368.2,376.9,301.1,299.0,324.1,**,175.2,389.1,269.1,307.8,233.8,223.0,237.8,259.1,211.4,**,**,343.4,1183.7,**,**,1573.9,2346.7,**,597.1,20-07-13 05:07:33
2020-07-12,268.4,656.1,**,**,1009.9,1264.4,781.5,720.5,741.7,**,**,923.2,**,487.0,485.4,782.6,1493.0,**,**,1008.9,**,**,**,**,259.9,326.6,276.4,282.0,234.4,348.2,629.7,942.5,790.6,304.3,549.4,458.3,550.3,374.9,273.7,**,338.1,338.7,410.1,20.5,349.4,339.6,477.1,**,**,260.4,328.4,**,**,490.6,**,316.8,230.5,347.3,259.0,309.6,571.8,476.1,**,42.2,535.3,1140.8,550.4,515.1,997.6,263.7,276.8,616.1,568.2,437.7,418.1,1623.1,1047.1,717.2,373.6,382.7,312.3,307.4,344.8,**,181.4,395.2,278.8,318.3,237.9,230.9,247.3,259.1,222.5,**,**,351.0,1204.8,**,**,1594.7,2375.5,**,609.7,20-07-14 06:07:14
2020-07-13,266.9,663.6,**,**,1022.3,1285.1,781.2,750.8,716.6,**,**,969.1,**,499.6,502.2,808.6,1515.3,**,**,1047.6,**,**,**,**,252.5,330.5,276.9,293.7,242.0,353.7,636.4,956.5,799.7,315.7,561.6,474.5,557.2,373.4,264.1,**,339.6,344.6,417.0,21.8,350.4,351.6,500.6,**,**,269.6,328.2,**,**,514.0,**,316.1,238.9,347.2,267.6,305.4,600.2,499.6,**,44.2,525.6,1195.4,554.3,524.0,1031.6,270.2,300.3,632.7,578.4,448.5,435.9,1717.8,1090.8,745.2,381.6,391.4,356.4,324.5,346.4,**,183.9,389.4,290.2,329.7,250.4,232.0,250.8,265.1,227.2,**,**,440.3,1208.3,**,**,1665.1,2457.8,**,623.2,20-07-15 06:07:19
2020-07-14,272.4,686.3,**,**,1044.9,1307.5,806.6,750.8,729.5,**,**,994.6,**,523.0,517.2,834.3,1549.5,**,**,1070.6,**,**,**,**,252.5,333.9,286.1,305.7,250.4,360.7,658.6,969.4,809.8,324.5,567.3,483.4,599.6,387.7,268.9,**,353.5,358.2,428.8,27.2,361.2,365.9,513.0,**,**,279.6,336.5,**,**,533.5,**,324.7,238.9,351.2,276.7,322.4,610.4,513.9,**,44.2,543.7,1219.0,564.4,539.4,1054.0,279.2,316.4,658.3,600.6,461.9,454.7,1748.7,1128.7,756.6,392.5,401.0,373.1,328.7,363.4,**,188.0,398.3,302.8,344.0,256.5,237.8,258.4,276.9,227.2,**,**,432.3,1229.3,**,**,1702.6,2480.0,**,639.8,20-07-16 06:07:18
2020-07-15,272.4,697.6,**,**,1062.8,1328.7,822.3,756.8,732.7,**,**,1016.5,**,531.8,527.2,863.7,1563.1,**,**,1087.0,**,**,**,**,252.5,337.2,290.8,335.7,262.9,360.7,674.1,975.8,824.4,329.9,573.1,501.1,607.0,402.0,268.9,**,374.3,365.0,431.2,27.2,375.7,382.1,521.3,**,**,285.5,342.0,**,**,541.3,**,338.4,254.3,370.8,279.7,328.1,620.6,530.2,**,44.2,558.5,1230.8,582.1,554.8,1071.9,292.7,332.6,669.3,617.2,465.2,463.0,1773.4,1145.9,774.4,403.3,412.5,389.8,337.1,366.8,**,196.1,407.2,309.1,345.3,260.5,243.5,267.9,278.6,230.0,**,**,456.3,1253.3,**,**,1728.8,2509.5,**,652.0,20-07-17 06:07:17
2020-07-16,278.0,709.0,**,**,1095.0,1361.7,841.9,786.6,768.0,**,**,1038.3,**,546.4,547.1,889.4,1607.6,**,**,1114.9,**,**,**,**,270.0,360.8,309.2,347.7,275.4,367.8,707.4,1004.9,846.3,345.8,594.4,511.8,619.9,414.2,273.6,**,381.2,374.1,440.6,27.2,381.1,391.0,529.6,**,**,289.5,353.0,**,**,553.0,**,343.6,254.3,378.6,285.8,350.7,641.0,546.5,**,44.2,570.1,1266.2,592.1,581.6,1098.7,301.7,348.7,676.6,663.4,475.3,475.6,1835.2,1194.2,813.5,408.7,425.9,406.5,345.6,393.9,**,204.3,410.2,318.6,350.5,266.6,249.3,271.7,285.3,243.8,**,**,432.3,1292.4,**,**,1770.1,2568.6,**,671.0,20-07-18 06:07:15
2020-07-17,278.0,737.3,**,**,1127.2,1394.7,869.3,804.5,793.7,**,**,1052.9,**,558.1,564.6,926.2,1633.2,**,**,1144.4,**,**,**,**,270.0,367.6,325.4,371.7,283.8,374.9,736.2,1030.8,869.6,349.4,607.9,520.7,640.2,430.5,283.0,**,385.8,387.7,457.1,27.2,390.1,409.0,554.4,**,**,293.4,366.8,**,**,564.8,**,355.6,254.3,386.5,294.9,350.7,658.9,566.9,**,44.2,588.2,1301.7,602.2,600.8,1118.1,310.7,371.3,698.5,681.9,488.7,492.3,1886.7,1221.7,836.3,416.8,447.0,412.1,354.0,421.1,**,210.4,425.0,331.2,363.5,270.6,259.0,275.5,293.7,252.1,**,**,440.3,1325.5,**,**,1798.8,2620.2,**,689.6,20-07-19 06:07:15
2020-07-18,294.7,760.0,**,**,1157.0,1418.3,892.8,828.3,829.1,**,**,1078.4,**,566.8,579.6,944.6,1658.8,**,**,1177.2,**,**,**,**,270.0,374.3,332.3,371.7,283.8,381.9,758.4,1056.6,895.8,360.0,615.6,531.3,656.8,448.9,297.2,**,404.3,396.8,468.9,32.7,395.5,419.7,562.7,**,**,297.4,372.4,**,**,570.6,**,371.1,269.7,404.1,301.0,362.0,676.8,577.1,**,44.2,608.0,1341.8,624.9,610.4,1139.0,324.2,384.2,709.5,691.1,515.4,506.9,1923.8,1247.6,855.8,419.5,458.5,423.2,370.8,434.7,**,218.6,425.0,337.5,375.3,274.7,270.6,281.2,300.4,257.7,**,**,472.3,1340.5,**,**,1825.1,2671.9,**,706.5,20-07-20 06:07:14
2020-07-19,294.7,765.7,**,**,1172.6,1453.7,910.4,876.0,838.7,**,**,1100.3,**,569.8,592.1,955.6,1681.0,**,**,1196.8,**,**,**,**,287.4,381.1,341.5,377.7,296.3,381.9,771.7,1082.5,917.6,365.3,627.2,540.2,677.1,461.1,301.9,**,415.8,410.4,487.7,117.1,404.6,430.5,571.0,**,**,303.3,383.4,**,**,578.5,**,381.4,269.7,414.0,301.0,395.9,702.3,593.4,**,44.2,617.9,1370.2,632.4,610.4,1152.4,328.7,390.7,720.5,704.1,522.1,519.4,1946.4,1268.3,870.4,433.1,470.0,423.2,383.5,438.1,**,222.7,431.0,343.8,384.4,284.8,284.1,286.9,302.1,266.0,**,**,544.4,1352.5,**,**,1870.1,2730.9,**,720.1,20-07-21 06:07:14
2020-07-20,300.2,782.7,**,**,1173.7,1466.7,912.3,899.8,838.7,**,**,1111.2,**,575.6,602.1,977.7,1699.8,**,**,1221.4,**,**,**,**,287.4,387.8,348.4,383.7,300.5,381.9,782.8,1098.6,932.2,368.9,636.8,563.3,701.1,473.4,301.9,**,415.8,412.7,497.2,152.5,417.2,435.9,583.4,**,**,307.3,383.4,**,**,590.2,**,393.4,277.4,421.8,316.2,407.3,710.0,607.7,**,44.2,640.9,1391.4,640.0,616.2,1171.8,333.2,393.9,731.4,709.6,532.2,525.6,1973.2,1280.3,880.2,435.8,473.9,428.8,396.1,448.3,**,226.8,434.0,346.9,387.0,286.8,291.9,292.6,307.1,277.1,**,**,544.4,1352.5,**,**,1885.1,2745.7,**,731.6,20-07-22 06:07:15
2020-07-21,305.8,794.1,**,**,1209.5,1500.8,931.9,905.8,848.4,**,**,1151.3,**,596.1,622.1,996.0,1737.4,**,**,1252.6,**,**,**,**,296.1,397.9,357.7,395.7,304.6,389.0,820.5,1114.8,958.4,376.0,658.0,575.8,719.5,477.5,311.3,**,427.4,424.0,508.9,155.2,422.6,450.2,595.8,**,**,317.2,386.1,**,**,605.8,**,417.4,277.4,437.5,319.2,418.6,743.2,626.0,**,44.2,657.4,1431.6,650.1,625.8,1200.1,355.7,403.6,742.4,735.5,555.6,536.1,2043.3,1342.4,920.9,465.6,485.4,439.9,400.3,472.0,**,228.8,442.9,353.3,390.9,290.8,301.5,294.5,312.1,288.2,**,**,560.4,1382.6,**,**,1923.8,2830.6,**,749.1,20-07-23 06:07:14
2020-07-22,305.8,811.1,**,**,1234.6,1529.1,941.7,959.4,867.6,**,**,1184.1,**,604.8,659.6,1014.4,1754.5,**,**,1273.9,**,**,**,**,296.1,408.1,364.6,401.7,308.8,389.0,842.7,1142.3,968.6,377.7,667.7,604.2,754.6,495.8,311.3,**,436.6,426.3,516.0,155.2,422.6,466.4,604.1,**,**,327.1,405.5,**,**,619.5,**,414.0,285.1,443.4,331.4,429.9,748.3,636.2,**,44.2,672.2,1455.2,650.1,633.5,1223.9,360.2,410.1,757.0,741.0,565.7,546.5,2076.2,1363.0,938.8,489.9,491.1,439.9,400.3,482.2,**,232.9,451.8,356.4,393.5,290.8,317.0,300.2,313.8,293.7,**,**,568.4,1406.6,**,**,1946.3,2919.1,**,764.0,20-07-24 06:07:15
2020-07-23,311.4,816.7,**,**,1262.0,1562.1,957.4,989.2,893.3,**,**,1205.9,**,616.5,669.6,1029.1,1792.1,**,**,1323.1,**,**,**,**,296.1,411.4,366.9,407.6,313.0,396.1,856.0,1171.3,991.9,383.1,675.4,618.4,771.2,508.1,330.2,**,434.3,439.9,518.4,155.2,426.2,480.7,604.1,**,**,339.0,416.5,**,**,631.2,**,431.2,285.1,449.3,334.4,463.8,756.0,646.4,**,44.2,678.8,1467.0,650.1,643.1,1238.9,369.2,423.0,764.4,752.1,575.7,554.8,2107.1,1388.9,964.8,495.3,502.7,467.8,404.6,492.4,**,237.0,466.7,362.7,410.4,303.0,318.9,300.2,317.2,293.7,**,**,536.4,1436.7,**,**,1977.6,3026.2,**,778.6,20-07-25 06:07:17
2020-07-24,316.9,845.1,**,**,1308.5,1599.9,982.8,1013.1,915.8,**,**,1235.1,**,634.0,684.6,1040.1,1810.9,**,**,1349.3,**,**,**,**,296.1,418.2,373.8,407.6,325.5,396.1,867.1,1192.3,1018.1,386.6,687.0,636.2,789.6,524.4,330.2,**,439.0,458.0,520.7,155.2,435.3,491.5,633.0,**,**,345.0,419.2,**,**,631.2,**,436.3,285.1,453.2,340.5,469.5,758.5,664.8,**,44.2,693.7,1495.4,655.1,650.7,1261.2,373.7,429.4,779.0,759.5,592.4,556.9,2150.4,1418.2,999.0,503.5,506.5,478.9,413.0,495.8,**,237.0,472.6,375.3,415.6,307.0,322.8,307.8,320.5,296.5,**,**,536.4,1478.8,**,**,2046.4,3133.2,**,796.6,20-07-26 08:07:26
2020-07-25,333.6,862.1,**,**,1325.2,1615.2,988.7,1030.9,928.7,**,**,1246.0,**,639.9,707.0,1054.8,1821.1,**,**,1359.2,**,**,**,**,296.1,421.5,378.4,407.6,342.2,396.1,869.3,1215.0,1035.6,390.1,708.2,643.3,802.5,526.4,330.2,**,443.6,460.3,525.4,155.2,442.5,504.0,633.0,**,**,347.0,419.2,**,**,637.1,**,436.3,285.1,455.2,346.6,475.1,768.7,666.8,**,44.2,705.2,1511.9,665.2,662.3,1271.7,373.7,432.7,782.7,765.0,592.4,561.1,2179.2,1428.5,1007.1,503.5,519.9,478.9,413.0,499.2,**,245.2,475.6,378.5,418.3,309.0,324.7,311.6,325.5,299.3,**,**,536.4,1484.8,**,**,2072.6,3173.8,**,805.1,20-07-27 06:07:09
2020-07-26,344.7,873.5,**,**,1351.5,1641.1,1012.2,1042.8,944.8,**,**,1275.1,**,648.6,782.0,1073.2,1841.6,**,**,1378.8,**,**,**,**,296.1,421.5,390.0,407.6,342.2,396.1,891.5,1232.7,1072.0,391.9,715.9,648.6,821.0,542.8,334.9,**,448.2,480.7,534.9,157.9,451.5,509.4,637.2,**,**,352.9,419.2,**,**,644.9,**,444.9,285.1,459.1,343.6,486.5,776.4,681.1,**,44.2,716.7,1533.2,672.8,683.4,1294.0,373.7,435.9,793.6,785.4,599.1,569.4,2210.1,1459.5,1025.0,503.5,533.4,501.2,0421.4,506.0,**,249.2,484.5,381.6,432.6,309.0,328.6,313.5,332.3,304.8,**,**,552.4,1499.8,**,**,2098.9,3295.6,**,820.7,20-07-28 06:07:13
2020-07-27,367.0,879.1,**,**,1377.7,1673.0,1023.9,1036.9,967.3,**,**,1311.6,**,657.4,799.5,1087.9,1872.4,**,**,1411.6,**,**,**,**,304.8,424.9,399.2,419.6,346.4,410.2,909.2,1247.3,1088.0,393.7,729.4,661.1,833.9,563.2,339.6,**,450.5,501.1,544.3,157.9,455.1,525.6,649.6,**,**,358.9,433.0,**,**,656.6,**,453.5,285.1,468.9,343.6,503.4,794.3,689.2,**,44.2,720.0,1561.5,682.8,694.9,1322.3,382.7,435.9,808.3,809.4,615.9,588.2,2255.4,1492.3,1046.2,517.0,539.1,523.5,421.4,512.8,**,263.5,502.3,391.1,444.3,313.1,338.3,313.5,340.6,313.1,**,**,568.4,1529.9,**,**,2126.4,3365.7,**,835.5,20-07-29 06:07:14
2020-07-28,372.5,896.1,**,**,1388.5,1671.8,1039.6,1042.8,993.0,**,**,1351.6,**,660.3,802.0,1098.9,1889.4,**,**,1428.0,**,**,**,**,304.8,428.3,422.3,419.6,358.9,410.2,911.4,1253.7,1101.2,393.7,739.1,664.6,843.1,573.4,344.3,**,450.5,514.7,551.4,157.9,460.5,529.1,653.7,**,**,362.8,435.8,**,**,664.4,**,455.2,277.4,474.8,346.6,531.7,807.0,697.4,**,53.1,725.0,1580.4,687.9,706.4,1331.3,382.7,432.7,826.5,818.6,629.2,596.5,2284.2,1504.3,1057.5,519.7,542.9,534.6,421.4,516.2,**,269.7,502.3,394.3,449.5,313.1,340.2,315.4,345.7,315.9,**,**,592.4,1547.9,**,**,2145.1,3406.3,**,843.9,20-07-30 06:07:13
2020-07-29,378.1,907.5,**,**,1406.4,1706.0,1055.3,1048.8,1005.8,**,**,1358.9,**,666.2,819.5,1132.0,1906.5,**,**,1447.7,**,**,**,**,313.5,431.7,424.6,419.6,375.6,410.2,940.3,1273.1,1104.1,400.8,746.8,670.0,854.2,581.5,358.5,**,457.4,528.3,553.7,160.7,466.0,539.9,657.8,**,**,362.8,444.1,**,**,670.3,**,463.8,277.4,478.7,355.7,543.0,814.7,723.9,**,53.1,738.1,1606.4,695.4,716.0,1346.2,382.7,442.3,852.1,824.2,629.2,613.2,2313.1,1521.6,1068.9,530.5,558.3,545.7,421.4,523.0,**,265.6,505.3,400.6,457.3,317.1,346.0,317.3,350.7,315.9,**,**,592.4,1559.9,**,**,2186.4,3454.3,**,855.3,20-07-31 06:07:13
2020-07-30,400.3,935.9,**,**,1431.4,1721.3,1065.1,1048.8,1034.7,**,**,1369.9,**,666.2,827.0,1154.1,1932.1,**,**,1470.6,**,**,**,**,313.5,435.0,426.9,425.6,388.1,410.2,953.6,1297.4,1109.9,400.8,775.8,693.1,869.0,595.8,363.2,**,462.1,537.4,558.4,163.4,476.8,545.3,682.7,**,**,364.8,457.9,**,**,689.8,**,472.4,277.4,484.6,367.9,548.7,832.6,734.1,**,53.1,748.0,1630.0,700.5,725.6,1359.6,391.7,452.0,866.8,833.4,632.6,613.2,2346.0,1540.5,1090.1,533.2,571.7,562.5,425.6,529.8,**,265.6,514.2,403.7,462.6,319.1,349.9,324.9,352.4,324.2,**,**,608.4,1574.9,**,**,2217.6,3487.5,**,866.6,20-08-01 06:08:09
2020-07-31,433.7,958.5,**,**,1458.8,1755.5,1084.6,1060.7,1044.4,**,**,1388.1,**,672.0,834.5,1187.2,1959.5,**,**,1485.4,**,**,**,**,313.5,441.8,433.8,431.6,392.3,410.2,978.0,1332.9,1130.3,406.1,789.3,709.1,896.6,604.0,363.2,**,469.0,555.5,574.9,163.4,485.8,563.2,699.2,**,**,362.8,468.9,**,**,703.5,**,486.1,292.8,486.5,383.1,560.0,855.6,748.4,**,53.1,754.6,1656.0,713.1,735.2,1376.0,396.2,461.7,870.4,846.3,646.0,627.8,2360.5,1573.3,1112.9,535.9,585.2,573.6,429.8,529.8,**,269.7,532.0,410.0,470.4,331.2,353.7,328.7,357.4,327.0,**,**,632.5,1590.0,**,**,2262.6,3561.3,**,882.4,20-08-02 06:08:12
